ID,Country
ADHI_1,Cameroon
ADHI_2,Cameroon
ADHI_3,Cameroon
ADHI_4,Cameroon
ADHI_5,Cameroon
ADHI_6,Cameroon
ADHI_7,Cameroon
ADHI_8,Cameroon
ADHI_9,Cameroon
ADHI_10,Cameroon
ADHI_11,Cameroon
ADHI_12,Cameroon
ADHI_13,Cameroon
ADHI_14,Cameroon
ADHI_15,Cameroon
ADHI_16,Cameroon
ADHI_17,Cameroon
ADHI_18,Cameroon
ADHI_19,Cameroon
ADHI_20,Cameroon
ADHI_21,Cameroon
ADHI_22,Cameroon
ADHI_23,Cameroon
ADHI_24,Cameroon
ADHI_25,Cameroon
ADHI_26,Cameroon
ADHI_27,Cameroon
ADHI_28,Cameroon
ADHI_29,Cameroon
ADHI_30,Nigeria
ADHI_31,Nigeria
ADHI_32,Cameroon
ADHI_33,Cameroon
ADHI_34,Cameroon
ADHI_35,Central African Republic
ADHI_36,Central African Republic
ADHI_37,Central African Republic
ADHI_38,Central African Republic
ADHI_39,Central African Republic
ADHI_40,Central African Republic
ADHI_41,Central African Republic
ADHI_42,Central African Republic
ADHI_43,Central African Republic
ADHI_44,Central African Republic
ADHI_45,Central African Republic
ADHI_46,Central African Republic
ADHI_47,Central African Republic
ADHI_48,Central African Republic
ADHI_49,Central African Republic
ADHI_50,Democratic Republic of the Congo
ADHI_51,Central African Republic
ADHI_52,Central African Republic
ADHI_53,Central African Republic
ADHI_54,Central African Republic
ADHI_55,Central African Republic
ADHI_56,Central African Republic
ADHI_57,Central African Republic
ADHI_58,Central African Republic
ADHI_59,Central African Republic
ADHI_60,Central African Republic
ADHI_61,Central African Republic
ADHI_62,Central African Republic
ADHI_63,Central African Republic
ADHI_64,Central African Republic
ADHI_65,Central African Republic
ADHI_66,Central African Republic
ADHI_67,Central African Republic
ADHI_68,Central African Republic
ADHI_69,Central African Republic
ADHI_70,Central African Republic
ADHI_71,Central African Republic
ADHI_72,Central African Republic
ADHI_73,Central African Republic
ADHI_74,Central African Republic
ADHI_75,Central African Republic
ADHI_76,Congo
ADHI_77,Congo
ADHI_78,Congo
ADHI_79,Congo
ADHI_80,Congo
ADHI_81,Congo
ADHI_82,Congo
ADHI_83,Congo
ADHI_84,Congo
ADHI_85,Congo
ADHI_86,Congo
ADHI_87,Congo
ADHI_88,Congo
ADHI_89,Congo
ADHI_90,Congo
ADHI_91,Congo
ADHI_92,Congo
ADHI_93,Congo
ADHI_94,Congo
ADHI_95,Congo
ADHI_96,Congo
ADHI_97,Cameroon
ADHI_98,Congo
ADHI_99,Congo
ADHI_100,Congo
ADHI_101,Congo
ADHI_102,Congo
ADHI_103,Congo
ADHI_104,Congo
ADHI_105,Congo
ADHI_106,Congo
ADHI_107,Congo
ADHI_108,Congo
ADHI_109,Congo
ADHI_110,Congo
ADHI_111,Congo
ADHI_112,Congo
ADHI_113,Democratic Republic of the Congo
ADHI_114,Cote d'Ivoire
ADHI_115,Cote d'Ivoire
ADHI_116,Cote d'Ivoire
ADHI_117,Cote d'Ivoire
ADHI_118,Cote d'Ivoire
ADHI_119,Cote d'Ivoire
ADHI_120,Cote d'Ivoire
ADHI_121,Cote d'Ivoire
ADHI_122,Cote d'Ivoire
ADHI_123,Cote d'Ivoire
ADHI_124,Cote d'Ivoire
ADHI_125,Cote d'Ivoire
ADHI_126,Cote d'Ivoire
ADHI_127,Cote d'Ivoire
ADHI_128,Cote d'Ivoire
ADHI_129,Cote d'Ivoire
ADHI_130,Cote d'Ivoire
ADHI_131,Cote d'Ivoire
ADHI_132,Cote d'Ivoire
ADHI_133,Cote d'Ivoire
ADHI_134,Cote d'Ivoire
ADHI_135,Cote d'Ivoire
ADHI_136,Cote d'Ivoire
ADHI_137,Cote d'Ivoire
ADHI_138,Cote d'Ivoire
ADHI_139,Cote d'Ivoire
ADHI_140,Cote d'Ivoire
ADHI_141,Cote d'Ivoire
ADHI_142,Cote d'Ivoire
ADHI_143,Cote d'Ivoire
ADHI_144,Cote d'Ivoire
ADHI_145,Cote d'Ivoire
ADHI_146,Cote d'Ivoire
ADHI_147,Cote d'Ivoire
ADHI_148,Cote d'Ivoire
ADHI_149,Cote d'Ivoire
ADHI_150,Cote d'Ivoire
ADHI_151,Cote d'Ivoire
ADHI_152,Cote d'Ivoire
ADHI_153,Cote d'Ivoire
ADHI_154,Cote d'Ivoire
ADHI_155,Cote d'Ivoire
ADHI_156,Cote d'Ivoire
ADHI_157,Cote d'Ivoire
ADHI_158,Cote d'Ivoire
ADHI_159,Cote d'Ivoire
ADHI_160,Cote d'Ivoire
ADHI_161,Cote d'Ivoire
ADHI_162,Cote d'Ivoire
ADHI_163,Cote d'Ivoire
ADHI_164,Cote d'Ivoire
ADHI_165,Cote d'Ivoire
ADHI_166,Cote d'Ivoire
ADHI_167,Cote d'Ivoire
ADHI_168,Cote d'Ivoire
ADHI_169,Cote d'Ivoire
ADHI_170,Cote d'Ivoire
ADHI_171,Cote d'Ivoire
ADHI_172,Cote d'Ivoire
ADHI_173,Cote d'Ivoire
ADHI_174,Cote d'Ivoire
ADHI_175,Cote d'Ivoire
ADHI_176,Cote d'Ivoire
ADHI_177,Cote d'Ivoire
ADHI_178,Cote d'Ivoire
ADHI_179,Cote d'Ivoire
ADHI_180,Cote d'Ivoire
ADHI_181,Cote d'Ivoire
ADHI_182,Liberia
ADHI_183,Cote d'Ivoire
ADHI_184,Cote d'Ivoire
ADHI_185,Benin
ADHI_186,Benin
ADHI_187,Benin
ADHI_188,Benin
ADHI_189,Benin
ADHI_190,Benin
ADHI_191,Benin
ADHI_192,Benin
ADHI_193,Benin
ADHI_194,Benin
ADHI_195,Benin
ADHI_196,Benin
ADHI_197,Benin
ADHI_198,Benin
ADHI_199,Benin
ADHI_200,Benin
ADHI_201,Benin
ADHI_202,Benin
ADHI_203,Benin
ADHI_204,Benin
ADHI_205,Benin
ADHI_206,Benin
ADHI_207,Benin
ADHI_208,Benin
ADHI_209,Gabon
ADHI_210,Gabon
ADHI_211,Gabon
ADHI_212,Gabon
ADHI_213,Gabon
ADHI_214,Gabon
ADHI_215,Gabon
ADHI_216,Gabon
ADHI_217,Gabon
ADHI_218,Gabon
ADHI_219,Gabon
ADHI_220,Gabon
ADHI_221,Gabon
ADHI_222,Gabon
ADHI_223,Gabon
ADHI_224,Gabon
ADHI_225,Gabon
ADHI_226,Gabon
ADHI_227,Gabon
ADHI_228,Gabon
ADHI_229,Gabon
ADHI_230,Gabon
ADHI_231,Gabon
ADHI_232,Gabon
ADHI_233,Gabon
ADHI_234,Gabon
ADHI_235,Gabon
ADHI_236,Gabon
ADHI_237,Ghana
ADHI_238,Ghana
ADHI_239,Ghana
ADHI_240,Ghana
ADHI_241,Ghana
ADHI_242,Ghana
ADHI_243,Ghana
ADHI_244,Ghana
ADHI_245,Ghana
ADHI_246,Ghana
ADHI_247,Ghana
ADHI_248,Guinea
ADHI_249,Guinea
ADHI_250,Guinea
ADHI_251,Guinea
ADHI_252,Guinea-Bissau
ADHI_253,Guinea
ADHI_254,Guinea
ADHI_255,Guinea
ADHI_256,Guinea
ADHI_257,Guinea
ADHI_258,Guinea
ADHI_259,Guinea
ADHI_260,Guinea
ADHI_261,Guinea
ADHI_262,Guinea
ADHI_263,Guinea
ADHI_264,Guinea
ADHI_265,Guinea
ADHI_266,Guinea
ADHI_267,Guinea
ADHI_268,Guinea
ADHI_269,Guinea
ADHI_270,Guinea
ADHI_271,Guinea
ADHI_272,Guinea
ADHI_273,Guinea
ADHI_274,Guinea
ADHI_275,Guinea-Bissau
ADHI_276,Guinea-Bissau
ADHI_277,Guinea-Bissau
ADHI_278,Mali
ADHI_279,Burkina Faso
ADHI_280,Burkina Faso
ADHI_281,Burkina Faso
ADHI_282,Burkina Faso
ADHI_283,Burkina Faso
ADHI_284,Burkina Faso
ADHI_285,Burkina Faso
ADHI_286,Burkina Faso
ADHI_287,Burkina Faso
ADHI_288,Burkina Faso
ADHI_289,Burkina Faso
ADHI_290,Burkina Faso
ADHI_291,Burkina Faso
ADHI_292,Burkina Faso
ADHI_293,Burkina Faso
ADHI_294,Burkina Faso
ADHI_295,Burkina Faso
ADHI_296,Burkina Faso
ADHI_297,Burkina Faso
ADHI_298,Burkina Faso
ADHI_299,Liberia
ADHI_300,Liberia
ADHI_301,Liberia
ADHI_302,Liberia
ADHI_303,Mali
ADHI_304,Mali
ADHI_305,Mali
ADHI_306,Mali
ADHI_307,Mali
ADHI_308,Niger
ADHI_309,Niger
ADHI_310,Niger
ADHI_311,Niger
ADHI_312,Niger
ADHI_313,Niger
ADHI_314,Niger
ADHI_315,Nigeria
ADHI_316,Nigeria
ADHI_317,Nigeria
ADHI_318,Nigeria
ADHI_319,Nigeria
ADHI_320,Nigeria
ADHI_321,Nigeria
ADHI_322,Nigeria
ADHI_323,Nigeria
ADHI_324,Nigeria
ADHI_325,Nigeria
ADHI_326,Nigeria
ADHI_327,Senegal
ADHI_328,Senegal
ADHI_329,Senegal
ADHI_330,Senegal
ADHI_331,Senegal
ADHI_332,Senegal
ADHI_333,Senegal
ADHI_334,Senegal
ADHI_335,Senegal
ADHI_336,Senegal
ADHI_337,Senegal
ADHI_338,Senegal
ADHI_339,Senegal
ADHI_340,Senegal
ADHI_341,Senegal
ADHI_342,Senegal
ADHI_343,Senegal
ADHI_344,Senegal
ADHI_345,Chad
ADHI_346,Chad
ADHI_347,Chad
ADHI_348,Chad
ADHI_349,Chad
ADHI_350,Chad
ADHI_351,Chad
ADHI_352,Chad
ADHI_353,Chad
ADHI_354,Chad
ADHI_355,Cameroon
ADHI_356,Chad
ADHI_357,Chad
ADHI_358,Cameroon
ADHI_359,Chad
ADHI_360,Chad
ADHI_361,Chad
ADHI_362,Chad
ADHI_363,Chad
ADHI_364,Chad
ADHI_365,Chad
ADHI_366,Togo
ADHI_367,Togo
ADHI_368,Togo
ADHI_369,Togo
ADHI_370,Togo
ADHI_371,Togo
ADHI_372,Togo
ADHI_373,Togo
ADHI_374,Togo
ADHI_375,Togo
ADHI_376,Togo
ADHI_377,Togo
ADHI_378,Togo
ADHI_379,Togo
ADHI_380,Togo
ADHI_381,Togo
ADHI_382,Togo
ADHI_383,Togo
ADHI_384,Togo
ADHI_385,Togo
ADHI_386,Togo
ADHI_387,Togo
ADHI_388,Togo
ADHI_389,Togo
ADHI_390,Togo
ADHI_391,Togo
ADHI_392,Benin
ADHI_393,Togo
ADHI_394,Togo
ADHI_395,Togo
ADHI_396,Togo
ADHI_397,Togo
ADHI_398,Togo
ADHI_399,Togo
ADHI_400,Togo
ADHI_401,Togo
ADHI_402,Togo
ADHI_403,Togo
ADHI_404,Tunisia
ADHI_405,Tunisia
ADHI_406,Tunisia
ADHI_407,Tunisia
ADHI_408,Tunisia
ADHI_409,Tunisia
ADHI_410,Tunisia
ADHI_411,Tunisia
ADHI_412,Tunisia
ADHI_413,Tunisia
ADHI_414,Tunisia
ADHI_415,Tunisia
ADHI_416,Tunisia
ADHI_417,Tunisia
ADHI_418,Tunisia
ADHI_419,Tunisia
ADHI_420,Tunisia
ADHI_421,Tunisia
ADHI_422,Tunisia
ADHI_423,Tunisia
ADHI_424,Tunisia
ADHI_425,Tunisia
ADHI_426,Tunisia
ADHI_427,Tunisia
ADHI_428,Tunisia
ADHI_429,Tunisia
ADHI_430,Tunisia
ADHI_431,Tunisia
ADHI_432,Tunisia
ADHI_433,Tunisia
ADHI_434,Tunisia
ADHI_435,Tunisia
ADHI_436,Tunisia
ADHI_437,Tunisia
ADHI_438,Tunisia
ADHI_439,Tunisia
ADHI_440,Tunisia
ADHI_441,Algeria
ADHI_442,Tunisia
ADHI_443,Tunisia
ADHI_444,Tunisia
ADHI_445,Tunisia
ADHI_446,Tunisia
ADHI_447,Tunisia
ADHI_448,Tunisia
ADHI_449,Tunisia
ADHI_450,Tunisia
ADHI_451,Tunisia
ADHI_452,Tunisia
ADHI_453,Tunisia
ADHI_454,Tunisia
ADHI_455,Tunisia
ADHI_456,Tunisia
ADHI_457,Tunisia
ADHI_458,Tunisia
ADHI_459,Tunisia
ADHI_460,Tunisia
ADHI_461,Tunisia
ADHI_462,Tunisia
ADHI_463,Tunisia
ADHI_464,Tunisia
ADHI_465,Tunisia
ADHI_466,Tunisia
ADHI_467,Tunisia
ADHI_468,Tunisia
ADHI_469,Uganda
ADHI_470,United Republic of Tanzania
ADHI_471,Zambia
ADHI_472,Malawi
ADHI_473,Zimbabwe
ADHI_474,Rwanda
ADHI_475,Rwanda
ADHI_476,United Republic of Tanzania
ADHI_477,Rwanda
ADHI_478,Rwanda
ADHI_479,Rwanda
ADHI_480,Rwanda
ADHI_481,Rwanda
ADHI_482,Rwanda
ADHI_483,Burundi
ADHI_484,Rwanda
ADHI_485,Rwanda
ADHI_486,Rwanda
ADHI_487,Rwanda
ADHI_488,Rwanda
ADHI_489,Rwanda
ADHI_490,Rwanda
ADHI_491,South Africa
ADHI_492,Cameroon
ADHI_493,Cameroon
ADHI_494,Cameroon
ADHI_495,Cameroon
ADHI_496,Cameroon
ADHI_497,Cameroon
ADHI_498,Cameroon
ADHI_499,Cameroon
ADHI_500,Cameroon
ADHI_501,Cameroon
ADHI_502,Cameroon
ADHI_503,Cameroon
ADHI_504,Equatorial Guinea
ADHI_505,Cameroon
ADHI_506,Cameroon
ADHI_507,Cote d'Ivoire
ADHI_508,Cote d'Ivoire
ADHI_509,Cote d'Ivoire
ADHI_510,Cote d'Ivoire
ADHI_511,Cote d'Ivoire
ADHI_512,Cote d'Ivoire
ADHI_513,Cote d'Ivoire
ADHI_514,Cote d'Ivoire
ADHI_515,Benin
ADHI_516,Benin
ADHI_517,Benin
ADHI_518,Gabon
ADHI_519,Ghana
ADHI_520,Ghana
ADHI_521,Ghana
ADHI_522,Ghana
ADHI_523,Ghana
ADHI_524,Burkina Faso
ADHI_525,Ghana
ADHI_526,Togo
ADHI_527,Ghana
ADHI_528,Ghana
ADHI_529,Ghana
ADHI_530,Ghana
ADHI_531,Guinea
ADHI_532,Guinea
ADHI_533,Guinea
ADHI_534,Guinea
ADHI_535,Burkina Faso
ADHI_536,Mali
ADHI_537,Mali
ADHI_538,Mali
ADHI_539,Mali
ADHI_540,Mali
ADHI_541,Mali
ADHI_542,Mali
ADHI_543,Mali
ADHI_544,Mali
ADHI_545,Mali
ADHI_546,Mali
ADHI_547,Mali
ADHI_548,Mali
ADHI_549,Mali
ADHI_550,Niger
ADHI_551,Niger
ADHI_552,Nigeria
ADHI_553,Senegal
ADHI_554,Senegal
ADHI_555,Senegal
ADHI_556,Senegal
ADHI_557,Senegal
ADHI_558,Senegal
ADHI_559,Senegal
ADHI_560,Senegal
ADHI_561,Senegal
ADHI_562,Chad
ADHI_563,Chad
ADHI_564,Chad
ADHI_565,Chad
ADHI_566,Chad
ADHI_567,Chad
ADHI_568,Chad
ADHI_569,Chad
ADHI_570,Togo
ADHI_571,Togo
ADHI_572,Togo
ADHI_573,Togo
ADHI_574,Togo
ADHI_575,Togo
ADHI_576,Togo
ADHI_577,Togo
ADHI_578,Togo
ADHI_579,Cameroon
ADHI_580,Cameroon
ADHI_581,Cameroon
ADHI_582,Congo
ADHI_583,Cote d'Ivoire
ADHI_584,Cote d'Ivoire
ADHI_585,Cote d'Ivoire
ADHI_586,Cote d'Ivoire
ADHI_587,Cote d'Ivoire
ADHI_588,Cote d'Ivoire
ADHI_589,Cote d'Ivoire
ADHI_590,Cote d'Ivoire
ADHI_591,Cote d'Ivoire
ADHI_592,Cote d'Ivoire
ADHI_593,Benin
ADHI_594,Benin
ADHI_595,Ghana
ADHI_596,Guinea
ADHI_597,Guinea
ADHI_598,Burkina Faso
ADHI_599,Burkina Faso
ADHI_600,Burkina Faso
ADHI_601,Burkina Faso
ADHI_602,Burkina Faso
ADHI_603,Burkina Faso
ADHI_604,Burkina Faso
ADHI_605,Burkina Faso
ADHI_606,Mali
ADHI_607,Senegal
ADHI_608,Senegal
ADHI_609,Senegal
ADHI_610,Senegal
ADHI_611,Senegal
ADHI_612,Senegal
ADHI_613,Senegal
ADHI_614,Chad
ADHI_615,Cote d'Ivoire
ADHI_616,Benin
ADHI_617,Benin
ADHI_618,Cote d'Ivoire
ADHI_619,Burkina Faso
ADHI_620,Burkina Faso
ADHI_621,Burkina Faso
ADHI_622,Burkina Faso
ADHI_623,Mali
ADHI_624,Mali
ADHI_625,Mali
ADHI_626,Mali
ADHI_627,Mali
ADHI_628,Chad
ADHI_629,Chad
ADHI_630,Cote d'Ivoire
ADHI_631,Burkina Faso
ADHI_632,Burkina Faso
ADHI_633,Senegal
ADHI_634,Chad
ADHI_635,Chad
ADHI_636,Cote d'Ivoire
ADHI_637,Cote d'Ivoire
ADHI_638,Cote d'Ivoire
ADHI_639,Benin
ADHI_640,Nigeria
ADHI_641,Benin
ADHI_642,Guinea
ADHI_643,Niger
ADHI_644,Cameroon
ADHI_645,Cameroon
ADHI_646,Benin
ADHI_647,Guinea
ADHI_648,Guinea
ADHI_649,Guinea
ADHI_650,Guinea
ADHI_651,Guinea
ADHI_652,Guinea
ADHI_653,Algeria
ADHI_654,Algeria
ADHI_655,Algeria
ADHI_656,Morocco
ADHI_657,Morocco
ADHI_658,Morocco
ADHI_659,Morocco
ADHI_660,Morocco
ADHI_661,Morocco
ADHI_662,Morocco
ADHI_663,Morocco
ADHI_664,Morocco
ADHI_665,Morocco
ADHI_666,Morocco
ADHI_667,Morocco
ADHI_668,Morocco
ADHI_669,Morocco
ADHI_670,Morocco
ADHI_671,Algeria
ADHI_672,Algeria
ADHI_673,Algeria
ADHI_674,Algeria
ADHI_675,Algeria
ADHI_676,Algeria
ADHI_677,Mali
ADHI_678,Mali
ADHI_679,Mali
ADHI_680,Mali
ADHI_681,Mali
ADHI_682,Mali
ADHI_683,Mali
ADHI_684,Mali
ADHI_685,Mali
ADHI_686,Mali
ADHI_687,Mali
ADHI_688,Mali
ADHI_689,Mali
ADHI_690,Mali
ADHI_691,Mali
ADHI_692,Mali
ADHI_693,Mali
ADHI_694,Democratic Republic of the Congo
ADHI_695,Democratic Republic of the Congo
ADHI_696,Democratic Republic of the Congo
ADHI_697,Democratic Republic of the Congo
ADHI_698,South Africa
ADHI_699,South Africa
ADHI_700,South Africa
ADHI_701,South Africa
ADHI_702,South Africa
ADHI_703,South Africa
ADHI_704,South Africa
ADHI_705,South Africa
ADHI_706,South Africa
ADHI_707,South Africa
ADHI_708,South Africa
ADHI_709,South Africa
ADHI_710,South Africa
ADHI_711,South Africa
ADHI_712,South Africa
ADHI_713,South Africa
ADHI_714,South Africa
ADHI_715,South Africa
ADHI_716,South Africa
ADHI_717,South Africa
ADHI_718,South Africa
ADHI_719,South Africa
ADHI_720,South Africa
ADHI_721,South Africa
ADHI_722,South Africa
ADHI_723,South Africa
ADHI_724,South Africa
ADHI_725,South Africa
ADHI_726,South Africa
ADHI_727,South Africa
ADHI_728,South Africa
ADHI_729,South Africa
ADHI_730,South Africa
ADHI_731,South Africa
ADHI_732,South Africa
ADHI_733,South Africa
ADHI_734,South Africa
ADHI_735,South Africa
ADHI_736,South Africa
ADHI_737,South Africa
ADHI_738,South Africa
ADHI_739,South Africa
ADHI_740,South Africa
ADHI_741,South Africa
ADHI_742,South Africa
ADHI_743,South Africa
ADHI_744,South Africa
ADHI_745,South Africa
ADHI_746,South Africa
ADHI_747,South Africa
ADHI_748,South Africa
ADHI_749,South Africa
ADHI_750,South Africa
ADHI_751,South Africa
ADHI_752,South Africa
ADHI_753,South Africa
ADHI_754,South Africa
ADHI_755,South Africa
ADHI_756,South Africa
ADHI_757,South Africa
ADHI_758,South Africa
ADHI_759,South Africa
ADHI_760,South Africa
ADHI_761,South Africa
ADHI_762,South Africa
ADHI_763,South Africa
ADHI_764,South Africa
ADHI_765,South Africa
ADHI_766,South Africa
ADHI_767,South Africa
ADHI_768,South Africa
ADHI_769,South Africa
ADHI_770,South Africa
ADHI_771,South Africa
ADHI_772,South Africa
ADHI_773,South Africa
ADHI_774,South Africa
ADHI_775,South Africa
ADHI_776,South Africa
ADHI_777,South Africa
ADHI_778,South Africa
ADHI_779,South Africa
ADHI_780,South Africa
ADHI_781,South Africa
ADHI_782,South Africa
ADHI_783,South Africa
ADHI_784,South Africa
ADHI_785,South Africa
ADHI_786,South Africa
ADHI_787,South Africa
ADHI_788,South Africa
ADHI_789,South Africa
ADHI_790,South Africa
ADHI_791,South Africa
ADHI_792,South Africa
ADHI_793,South Africa
ADHI_794,South Africa
ADHI_795,South Africa
ADHI_796,South Africa
ADHI_797,South Africa
ADHI_798,South Africa
ADHI_799,South Africa
ADHI_800,South Africa
ADHI_801,South Africa
ADHI_802,South Africa
ADHI_803,South Africa
ADHI_804,South Africa
ADHI_805,South Africa
ADHI_806,South Africa
ADHI_807,South Africa
ADHI_808,South Africa
ADHI_809,South Africa
ADHI_810,South Africa
ADHI_811,South Africa
ADHI_812,South Africa
ADHI_813,South Africa
ADHI_814,South Africa
ADHI_815,South Africa
ADHI_816,South Africa
ADHI_817,South Africa
ADHI_818,South Africa
ADHI_819,South Africa
ADHI_820,South Africa
ADHI_821,South Africa
ADHI_822,South Africa
ADHI_823,South Africa
ADHI_824,South Africa
ADHI_825,South Africa
ADHI_826,South Africa
ADHI_827,South Africa
ADHI_828,South Africa
ADHI_829,South Africa
ADHI_830,South Africa
ADHI_831,South Africa
ADHI_832,South Africa
ADHI_833,South Africa
ADHI_834,South Africa
ADHI_835,South Africa
ADHI_836,South Africa
ADHI_837,South Africa
ADHI_838,South Africa
ADHI_839,South Africa
ADHI_840,South Africa
ADHI_841,South Africa
ADHI_842,South Africa
ADHI_843,South Africa
ADHI_844,South Africa
ADHI_845,South Africa
ADHI_846,South Africa
ADHI_847,South Africa
ADHI_848,South Africa
ADHI_849,South Africa
ADHI_850,South Africa
ADHI_851,South Africa
ADHI_852,South Africa
ADHI_853,South Africa
ADHI_854,South Africa
ADHI_855,South Africa
ADHI_856,South Africa
ADHI_857,South Africa
ADHI_858,South Africa
ADHI_859,South Africa
ADHI_860,South Africa
ADHI_861,South Africa
ADHI_862,South Africa
ADHI_863,South Africa
ADHI_864,South Africa
ADHI_865,South Africa
ADHI_866,South Africa
ADHI_867,South Africa
ADHI_868,South Africa
ADHI_869,South Africa
ADHI_870,South Africa
ADHI_871,South Africa
ADHI_872,South Africa
ADHI_873,South Africa
ADHI_874,South Africa
ADHI_875,South Africa
ADHI_876,South Africa
ADHI_877,South Africa
ADHI_878,South Africa
ADHI_879,South Africa
ADHI_880,South Africa
ADHI_881,South Africa
ADHI_882,South Africa
ADHI_883,South Africa
ADHI_884,South Africa
ADHI_885,South Africa
ADHI_886,South Africa
ADHI_887,South Africa
ADHI_888,South Africa
ADHI_889,South Africa
ADHI_890,South Africa
ADHI_891,South Africa
ADHI_892,South Africa
ADHI_893,South Africa
ADHI_894,South Africa
ADHI_895,South Africa
ADHI_896,South Africa
ADHI_897,South Africa
ADHI_898,South Africa
ADHI_899,South Africa
ADHI_900,South Africa
ADHI_901,South Africa
ADHI_902,South Africa
ADHI_903,South Africa
ADHI_904,South Africa
ADHI_905,South Africa
ADHI_906,South Africa
ADHI_907,South Africa
ADHI_908,South Africa
ADHI_909,South Africa
ADHI_910,South Africa
ADHI_911,South Africa
ADHI_912,South Africa
ADHI_913,South Africa
ADHI_914,South Africa
ADHI_915,South Africa
ADHI_916,South Africa
ADHI_917,South Africa
ADHI_918,South Africa
ADHI_919,South Africa
ADHI_920,South Africa
ADHI_921,South Africa
ADHI_922,South Africa
ADHI_923,South Africa
ADHI_924,South Africa
ADHI_925,South Africa
ADHI_926,South Africa
ADHI_927,South Africa
ADHI_928,South Africa
ADHI_929,South Africa
ADHI_930,South Africa
ADHI_931,South Africa
ADHI_932,South Africa
ADHI_933,South Africa
ADHI_934,South Africa
ADHI_935,South Africa
ADHI_936,South Africa
ADHI_937,South Africa
ADHI_938,South Africa
ADHI_939,South Africa
ADHI_940,South Africa
ADHI_941,South Africa
ADHI_942,South Africa
ADHI_943,South Africa
ADHI_944,South Africa
ADHI_945,Botswana
ADHI_946,South Africa
ADHI_947,South Africa
ADHI_948,South Africa
ADHI_949,South Africa
ADHI_950,South Africa
ADHI_951,South Africa
ADHI_952,South Africa
ADHI_953,South Africa
ADHI_954,South Africa
ADHI_955,South Africa
ADHI_956,South Africa
ADHI_957,South Africa
ADHI_958,South Africa
ADHI_959,South Africa
ADHI_960,South Africa
ADHI_961,South Africa
ADHI_962,South Africa
ADHI_963,South Africa
ADHI_964,South Africa
ADHI_965,South Africa
ADHI_966,South Africa
ADHI_967,South Africa
ADHI_968,South Africa
ADHI_969,South Africa
ADHI_970,South Africa
ADHI_971,South Africa
ADHI_972,South Africa
ADHI_973,South Africa
ADHI_974,South Africa
ADHI_975,South Africa
ADHI_976,South Africa
ADHI_977,South Africa
ADHI_978,South Africa
ADHI_979,South Africa
ADHI_980,South Africa
ADHI_981,South Africa
ADHI_982,South Africa
ADHI_983,South Africa
ADHI_984,South Africa
ADHI_985,South Africa
ADHI_986,South Africa
ADHI_987,South Africa
ADHI_988,South Africa
ADHI_989,South Africa
ADHI_990,South Africa
ADHI_991,South Africa
ADHI_992,South Africa
ADHI_993,South Africa
ADHI_994,South Africa
ADHI_995,South Africa
ADHI_996,South Africa
ADHI_997,South Africa
ADHI_998,South Africa
ADHI_999,Niger
ADHI_1000,Niger
ADHI_1001,Niger
ADHI_1002,Niger
ADHI_1003,Niger
ADHI_1004,Niger
ADHI_1005,Niger
ADHI_1006,Niger
ADHI_1007,Niger
ADHI_1008,United Republic of Tanzania
ADHI_1009,Angola
ADHI_1010,Namibia
ADHI_1011,Namibia
ADHI_1012,Namibia
ADHI_1013,Namibia
ADHI_1014,Namibia
ADHI_1015,Namibia
ADHI_1016,Namibia
ADHI_1017,Namibia
ADHI_1018,Namibia
ADHI_1019,Namibia
ADHI_1020,Namibia
ADHI_1021,Namibia
ADHI_1022,Namibia
ADHI_1023,Namibia
ADHI_1024,Namibia
ADHI_1025,Namibia
ADHI_1026,Namibia
ADHI_1027,Namibia
ADHI_1028,Namibia
ADHI_1029,Namibia
ADHI_1030,Namibia
ADHI_1031,Namibia
ADHI_1032,Namibia
ADHI_1033,Namibia
ADHI_1034,Namibia
ADHI_1035,Namibia
ADHI_1036,Namibia
ADHI_1037,Namibia
ADHI_1038,Namibia
ADHI_1039,Namibia
ADHI_1040,Namibia
ADHI_1041,Namibia
ADHI_1042,Namibia
ADHI_1043,Namibia
ADHI_1044,Namibia
ADHI_1045,Namibia
ADHI_1046,Namibia
ADHI_1047,Namibia
ADHI_1048,Lesotho
ADHI_1049,Lesotho
ADHI_1050,Lesotho
ADHI_1051,Lesotho
ADHI_1052,Lesotho
ADHI_1053,Namibia
ADHI_1054,Lesotho
ADHI_1055,Lesotho
ADHI_1056,Lesotho
ADHI_1057,Lesotho
ADHI_1058,Namibia
ADHI_1059,Namibia
ADHI_1060,Lesotho
ADHI_1061,Lesotho
ADHI_1062,Lesotho
ADHI_1063,Lesotho
ADHI_1064,Namibia
ADHI_1065,Lesotho
ADHI_1066,Namibia
ADHI_1067,Namibia
ADHI_1068,Namibia
ADHI_1069,Namibia
ADHI_1070,Namibia
ADHI_1071,Lesotho
ADHI_1072,Lesotho
ADHI_1073,Lesotho
ADHI_1074,Lesotho
ADHI_1075,Lesotho
ADHI_1076,United Republic of Tanzania
ADHI_1077,United Republic of Tanzania
ADHI_1078,United Republic of Tanzania
ADHI_1079,United Republic of Tanzania
ADHI_1080,United Republic of Tanzania
ADHI_1081,United Republic of Tanzania
ADHI_1082,United Republic of Tanzania
ADHI_1083,United Republic of Tanzania
ADHI_1084,United Republic of Tanzania
ADHI_1085,United Republic of Tanzania
ADHI_1086,United Republic of Tanzania
ADHI_1087,United Republic of Tanzania
ADHI_1088,United Republic of Tanzania
ADHI_1089,United Republic of Tanzania
ADHI_1090,United Republic of Tanzania
ADHI_1091,United Republic of Tanzania
ADHI_1092,United Republic of Tanzania
ADHI_1093,United Republic of Tanzania
ADHI_1094,United Republic of Tanzania
ADHI_1095,United Republic of Tanzania
ADHI_1096,United Republic of Tanzania
ADHI_1097,United Republic of Tanzania
ADHI_1098,United Republic of Tanzania
ADHI_1099,United Republic of Tanzania
ADHI_1100,United Republic of Tanzania
ADHI_1101,United Republic of Tanzania
ADHI_1102,United Republic of Tanzania
ADHI_1103,United Republic of Tanzania
ADHI_1104,United Republic of Tanzania
ADHI_1105,United Republic of Tanzania
ADHI_1106,United Republic of Tanzania
ADHI_1107,United Republic of Tanzania
ADHI_1108,United Republic of Tanzania
ADHI_1109,United Republic of Tanzania
ADHI_1110,United Republic of Tanzania
ADHI_1111,United Republic of Tanzania
ADHI_1112,United Republic of Tanzania
ADHI_1113,United Republic of Tanzania
ADHI_1114,United Republic of Tanzania
ADHI_1115,United Republic of Tanzania
ADHI_1116,United Republic of Tanzania
ADHI_1117,United Republic of Tanzania
ADHI_1118,United Republic of Tanzania
ADHI_1119,United Republic of Tanzania
ADHI_1120,United Republic of Tanzania
ADHI_1121,United Republic of Tanzania
ADHI_1122,United Republic of Tanzania
ADHI_1123,United Republic of Tanzania
ADHI_1124,United Republic of Tanzania
ADHI_1125,United Republic of Tanzania
ADHI_1126,United Republic of Tanzania
ADHI_1127,United Republic of Tanzania
ADHI_1128,United Republic of Tanzania
ADHI_1129,United Republic of Tanzania
ADHI_1130,United Republic of Tanzania
ADHI_1131,United Republic of Tanzania
ADHI_1132,United Republic of Tanzania
ADHI_1133,Zambia
ADHI_1134,Namibia
ADHI_1135,United Republic of Tanzania
ADHI_1136,United Republic of Tanzania
ADHI_1137,United Republic of Tanzania
ADHI_1138,United Republic of Tanzania
ADHI_1139,United Republic of Tanzania
ADHI_1140,United Republic of Tanzania
ADHI_1141,United Republic of Tanzania
ADHI_1142,United Republic of Tanzania
ADHI_1143,United Republic of Tanzania
ADHI_1144,Morocco
ADHI_1145,Morocco
ADHI_1146,Morocco
ADHI_1147,Morocco
ADHI_1148,Morocco
ADHI_1149,Morocco
ADHI_1150,Morocco
ADHI_1151,Morocco
ADHI_1152,Morocco
ADHI_1153,Morocco
ADHI_1154,Morocco
ADHI_1155,Morocco
ADHI_1156,Morocco
ADHI_1157,Morocco
ADHI_1158,Morocco
ADHI_1159,Morocco
ADHI_1160,Botswana
ADHI_1161,Botswana
ADHI_1162,Botswana
ADHI_1163,Botswana
ADHI_1164,Botswana
ADHI_1165,Botswana
ADHI_1166,Botswana
ADHI_1167,Botswana
ADHI_1168,Botswana
ADHI_1169,Botswana
ADHI_1170,Botswana
ADHI_1171,Botswana
ADHI_1172,Botswana
ADHI_1173,Botswana
ADHI_1174,Botswana
ADHI_1175,Botswana
ADHI_1176,South Africa
ADHI_1177,Liberia
ADHI_1178,Cote d'Ivoire
ADHI_1179,Cote d'Ivoire
ADHI_1180,Cote d'Ivoire
ADHI_1181,Cote d'Ivoire
ADHI_1182,Cote d'Ivoire
ADHI_1183,Cote d'Ivoire
ADHI_1184,Zimbabwe
ADHI_1185,Zimbabwe
ADHI_1186,Zimbabwe
ADHI_1187,Zimbabwe
ADHI_1188,Zimbabwe
ADHI_1189,Zimbabwe
ADHI_1190,Zimbabwe
ADHI_1191,Zimbabwe
ADHI_1192,Zimbabwe
ADHI_1193,Zimbabwe
ADHI_1194,Zimbabwe
ADHI_1195,Zimbabwe
ADHI_1196,Zimbabwe
ADHI_1197,Zimbabwe
ADHI_1198,Zimbabwe
ADHI_1199,Zimbabwe
ADHI_1200,Zimbabwe
ADHI_1201,Zimbabwe
ADHI_1202,Zimbabwe
ADHI_1203,Zimbabwe
ADHI_1204,Zimbabwe
ADHI_1205,Zimbabwe
ADHI_1206,Zimbabwe
ADHI_1207,Zimbabwe
ADHI_1208,Zimbabwe
ADHI_1209,Zimbabwe
ADHI_1210,Zimbabwe
ADHI_1211,Zimbabwe
ADHI_1212,Zimbabwe
ADHI_1213,Zimbabwe
ADHI_1214,Zimbabwe
ADHI_1215,Zimbabwe
ADHI_1216,Zimbabwe
ADHI_1217,Zimbabwe
ADHI_1218,Zimbabwe
ADHI_1219,Zimbabwe
ADHI_1220,Zimbabwe
ADHI_1221,Zimbabwe
ADHI_1222,Zimbabwe
ADHI_1223,Zimbabwe
ADHI_1224,Zimbabwe
ADHI_1225,Zimbabwe
ADHI_1226,Zimbabwe
ADHI_1227,Zimbabwe
ADHI_1228,Zimbabwe
ADHI_1229,Zimbabwe
ADHI_1230,Zimbabwe
ADHI_1231,Zimbabwe
ADHI_1232,Zimbabwe
ADHI_1233,Zimbabwe
ADHI_1234,Zimbabwe
ADHI_1235,Zimbabwe
ADHI_1236,Zimbabwe
ADHI_1237,Zimbabwe
ADHI_1238,Zimbabwe
ADHI_1239,Zimbabwe
ADHI_1240,Zimbabwe
ADHI_1241,Zimbabwe
ADHI_1242,Zimbabwe
ADHI_1243,Zimbabwe
ADHI_1244,Zimbabwe
ADHI_1245,Zimbabwe
ADHI_1246,Zimbabwe
ADHI_1247,Zimbabwe
ADHI_1248,Zimbabwe
ADHI_1249,Zimbabwe
ADHI_1250,Zimbabwe
ADHI_1251,Zimbabwe
ADHI_1252,Zimbabwe
ADHI_1253,Zimbabwe
ADHI_1254,Zimbabwe
ADHI_1255,Zimbabwe
ADHI_1256,Zimbabwe
ADHI_1257,Zimbabwe
ADHI_1258,Zimbabwe
ADHI_1259,Zimbabwe
ADHI_1260,Zimbabwe
ADHI_1261,Zimbabwe
ADHI_1262,Zimbabwe
ADHI_1263,Zimbabwe
ADHI_1264,Zimbabwe
ADHI_1265,South Africa
ADHI_1266,Ghana
ADHI_1267,Ghana
ADHI_1268,Ghana
ADHI_1269,Ghana
ADHI_1270,Ghana
ADHI_1271,Ghana
ADHI_1272,Ghana
ADHI_1273,Chad
ADHI_1274,Chad
ADHI_1275,Zambia
ADHI_1276,Zambia
ADHI_1277,Zambia
ADHI_1278,Zambia
ADHI_1279,Zambia
ADHI_1280,Zambia
ADHI_1281,Zambia
ADHI_1282,Zambia
ADHI_1283,Zambia
ADHI_1284,Zambia
ADHI_1285,Zambia
ADHI_1286,Zambia
ADHI_1287,Zambia
ADHI_1288,Zambia
ADHI_1289,Zambia
ADHI_1290,Zambia
ADHI_1291,Zambia
ADHI_1292,Zambia
ADHI_1293,Zambia
ADHI_1294,Zambia
ADHI_1295,Zambia
ADHI_1296,Zambia
ADHI_1297,Ethiopia
ADHI_1298,Ethiopia
ADHI_1299,Ethiopia
ADHI_1300,Ethiopia
ADHI_1301,Ethiopia
ADHI_1302,Ethiopia
ADHI_1303,Zambia
ADHI_1304,Zambia
ADHI_1305,Zambia
ADHI_1306,Zambia
ADHI_1307,Zambia
ADHI_1308,Zambia
ADHI_1309,Zambia
ADHI_1310,Zambia
ADHI_1311,Zambia
ADHI_1312,Zambia
ADHI_1313,Zambia
ADHI_1314,Zambia
ADHI_1315,Zambia
ADHI_1316,Zambia
ADHI_1317,Zambia
ADHI_1318,Zambia
ADHI_1319,Zambia
ADHI_1320,Zambia
ADHI_1321,Zambia
ADHI_1322,Zambia
ADHI_1323,Zambia
ADHI_1324,Zambia
ADHI_1325,Zambia
ADHI_1326,Zambia
ADHI_1327,Zambia
ADHI_1328,Zambia
ADHI_1329,Zambia
ADHI_1330,Zambia
ADHI_1331,Zambia
ADHI_1332,Zambia
ADHI_1333,Zambia
ADHI_1334,Zambia
ADHI_1335,Zambia
ADHI_1336,Zambia
ADHI_1337,Zambia
ADHI_1338,Zambia
ADHI_1339,Zambia
ADHI_1340,Zambia
ADHI_1341,Zambia
ADHI_1342,Zambia
ADHI_1343,Zambia
ADHI_1344,Zambia
ADHI_1345,Zambia
ADHI_1346,Zambia
ADHI_1347,Swaziland
ADHI_1348,Swaziland
ADHI_1349,Swaziland
ADHI_1350,Swaziland
ADHI_1351,Swaziland
ADHI_1352,Swaziland
ADHI_1353,Swaziland
ADHI_1354,Swaziland
ADHI_1355,Swaziland
ADHI_1356,Swaziland
ADHI_1357,Swaziland
ADHI_1358,South Africa
ADHI_1359,South Africa
ADHI_1360,Swaziland
ADHI_1361,Swaziland
ADHI_1362,Swaziland
ADHI_1363,Swaziland
ADHI_1364,Swaziland
ADHI_1365,Swaziland
ADHI_1366,Swaziland
ADHI_1367,Swaziland
ADHI_1368,Swaziland
ADHI_1369,South Africa
ADHI_1370,Swaziland
ADHI_1371,South Africa
ADHI_1372,South Africa
ADHI_1373,Swaziland
ADHI_1374,Swaziland
ADHI_1375,Swaziland
ADHI_1376,Swaziland
ADHI_1377,South Africa
ADHI_1378,Swaziland
ADHI_1379,Guinea
ADHI_1380,Guinea
ADHI_1381,Guinea
ADHI_1382,Angola
ADHI_1383,Angola
ADHI_1384,Angola
ADHI_1385,Angola
ADHI_1386,Angola
ADHI_1387,Benin
ADHI_1388,Benin
ADHI_1389,Benin
ADHI_1390,Benin
ADHI_1391,Democratic Republic of the Congo
ADHI_1392,Central African Republic
ADHI_1393,Nigeria
ADHI_1394,Niger
ADHI_1395,Nigeria
ADHI_1396,Nigeria
ADHI_1397,Nigeria
ADHI_1398,Nigeria
ADHI_1399,Nigeria
ADHI_1400,Nigeria
ADHI_1401,Nigeria
ADHI_1402,Nigeria
ADHI_1403,Nigeria
ADHI_1404,Nigeria
ADHI_1405,Nigeria
ADHI_1406,Nigeria
ADHI_1407,Nigeria
ADHI_1408,Nigeria
ADHI_1409,Nigeria
ADHI_1410,Nigeria
ADHI_1411,Nigeria
ADHI_1412,Nigeria
ADHI_1413,Nigeria
ADHI_1414,Nigeria
ADHI_1415,Nigeria
ADHI_1416,Nigeria
ADHI_1417,Nigeria
ADHI_1418,Mozambique
ADHI_1419,Mozambique
ADHI_1420,Mozambique
ADHI_1421,Mozambique
ADHI_1422,Mozambique
ADHI_1423,Mozambique
ADHI_1424,Mozambique
ADHI_1425,Mozambique
ADHI_1426,Mozambique
ADHI_1427,Mozambique
ADHI_1428,Mozambique
ADHI_1429,Mozambique
ADHI_1430,Mozambique
ADHI_1431,Mozambique
ADHI_1432,Mozambique
ADHI_1433,South Africa
ADHI_1434,Malawi
ADHI_1435,Malawi
ADHI_1436,Malawi
ADHI_1437,Malawi
ADHI_1438,Malawi
ADHI_1439,Malawi
ADHI_1440,Malawi
ADHI_1441,Malawi
ADHI_1442,Malawi
ADHI_1443,Malawi
ADHI_1444,Malawi
ADHI_1445,Malawi
ADHI_1446,Malawi
ADHI_1447,United Republic of Tanzania
ADHI_1448,Malawi
ADHI_1449,Malawi
ADHI_1450,Malawi
ADHI_1451,Malawi
ADHI_1452,Malawi
ADHI_1453,Malawi
ADHI_1454,Malawi
ADHI_1455,Malawi
ADHI_1456,Malawi
ADHI_1457,Malawi
ADHI_1458,Malawi
ADHI_1459,Malawi
ADHI_1460,Malawi
ADHI_1461,Malawi
ADHI_1462,Malawi
ADHI_1463,Malawi
ADHI_1464,Malawi
ADHI_1465,Democratic Republic of the Congo
ADHI_1466,Democratic Republic of the Congo
